id,name,number
1,Essie Vaill,(630)252-4010
2,Cruz Roudabush,650-345-1220
3,Billie Tinnes,212-889-5780
4,Zackary Mockus,732-442-5220
5,Rosemarie Fifield,808-836-6080
6,Bernard Laboy,815-467-5007
7,Sue Haakinson,602-953-5503
8,Valerie Pou,610-395-5997
9,Lashawn Hasty,626-960-1550
10,Cristina Sharper,212-719-2344
11,Deandre Resendiz,208-733-3476
12,Janet Rathrock,208-733-3476
13,Denice Nordlinger,915-593-2344
14,Danny Dales,602-225-9543
15,Robbie Deshay,916-918-9181
16,Carla Humble,771-881-8381
17,Ashley Leonesio,212-227-3681
18,Josephine Sotlar,202-783-8287
19,Josephine Kreutzbender,202-783-8287
20,Kira Staffon,202-783-8287